run_id,package_id,item_id,agent,started_at,head,source_hash,environment,command,expected,observed,status,evidence,bug_id
RUN-20261004-001,A12,tests/test_i18n_coverage.py,Antigravity,2026-10-04T12:30:00+03:30,a2f55b412078b0ab3b23085c5b2f1cc84c4eb6ce,UNKNOWN_LOST_HISTORY,isolated-postgres + mocked,python -m pytest tests/test_i18n_coverage.py -q,All i18n keys resolve,Missing portions.no_capacity_left in member_commitment.py,FAIL,LOST,BUG-20261004-001
RUN-20261004-002,A12,tests/test_join_records_bot_instance.py,Antigravity,2026-10-04T12:30:00+03:30,a2f55b412078b0ab3b23085c5b2f1cc84c4eb6ce,UNKNOWN_LOST_HISTORY,isolated-postgres + mocked,python -m pytest tests/test_join_records_bot_instance.py -q,Tests match force_open logic,Tests assert outdated logic for force_open vs KhatmTypeEnum,FAIL,LOST,BUG-20261004-002
RUN-20261004-003,A12,tests/test_member_bot_fixes.py,Antigravity,2026-10-04T12:30:00+03:30,a2f55b412078b0ab3b23085c5b2f1cc84c4eb6ce,UNKNOWN_LOST_HISTORY,isolated-postgres + mocked,python -m pytest tests/test_member_bot_fixes.py -q,Mock settings have quran_audio_enabled,AttributeError on quran_audio_enabled,FAIL,LOST,BUG-20261004-003
RUN-20261004-004,A11,tests/test_migration_graph.py,Antigravity,2026-10-04T12:30:00+03:30,a2f55b412078b0ab3b23085c5b2f1cc84c4eb6ce,UNKNOWN_LOST_HISTORY,isolated-postgres,python -m pytest tests/test_migration_graph.py -q,Single alembic head,Multiple heads,FAIL,LOST,BUG-20261004-004
RUN-20261004-005,A12,tests/test_reminder_redesign_p2.py,Antigravity,2026-10-04T12:30:00+03:30,a2f55b412078b0ab3b23085c5b2f1cc84c4eb6ce,UNKNOWN_LOST_HISTORY,isolated-postgres + mocked,python -m pytest tests/test_reminder_redesign_p2.py -q,Tests match new consent deletion logic,Tests assert old logic,FAIL,LOST,BUG-20261004-005
RUN-20261004-006,A12,tests/test_i18n_coverage.py::test_no_literal_t_key_is_missing,Antigravity,2026-10-04T12:41:00+03:30,a2f55b412078b0ab3b23085c5b2f1cc84c4eb6ce,bc6d52400d4d670e20594e6453527f063a0b8a8a3c1db3ea42667a90d7e1117a,Isolated mocked unit test,python -m pytest tests/test_i18n_coverage.py::test_no_literal_t_key_is_missing -q,All i18n keys resolve,Missing portions.no_capacity_left in member_commitment.py,FAIL,docs/ai/audit/evidence/RUN-20261004-006.md,BUG-20261004-001
RUN-20261004-007,A12,tests/test_join_records_bot_instance.py,Antigravity,2026-10-04T12:41:00+03:30,a2f55b412078b0ab3b23085c5b2f1cc84c4eb6ce,44f5235eebb224a188abdc53fb266eccb1bc65b43a071bf1410e7f15c17f4baa,Isolated mocked unit test,python -m pytest tests/test_join_records_bot_instance.py -q,Tests match force_open logic,Tests assert outdated logic for force_open vs KhatmTypeEnum,FAIL,docs/ai/audit/evidence/RUN-20261004-007.md,BUG-20261004-002
RUN-20261004-008,A12,tests/test_member_bot_fixes.py::test_next_portion_delivery_records_daily_reminder_to_prevent_duplicate,Antigravity,2026-10-04T12:41:00+03:30,a2f55b412078b0ab3b23085c5b2f1cc84c4eb6ce,c9f4f6e78dfb848348e9fd703f633a127f9751930278c2067226f50be68315a6,Isolated mocked unit test,python -m pytest tests/test_member_bot_fixes.py::test_next_portion_delivery_records_daily_reminder_to_prevent_duplicate -q,Mock settings have quran_audio_enabled,AttributeError on quran_audio_enabled,FAIL,docs/ai/audit/evidence/RUN-20261004-008.md,BUG-20261004-003
RUN-20261004-009,A11,tests/test_migration_graph.py,Antigravity,2026-10-04T12:41:00+03:30,a2f55b412078b0ab3b23085c5b2f1cc84c4eb6ce,091de0d6c6737f700527f45808c57fbcf25b1a0799bdfaf0a0f6ef9742205487,تحلیل استاتیک گراف Alembic، بدون اتصال دیتابیس,python -m pytest tests/test_migration_graph.py -q,Single alembic head,Multiple heads: res20261003120539 and res20261003123135,FAIL,docs/ai/audit/evidence/RUN-20261004-009.md,BUG-20261004-004
RUN-20261004-010,A12,tests/test_reminder_redesign_p2.py,Antigravity,2026-10-04T12:41:00+03:30,a2f55b412078b0ab3b23085c5b2f1cc84c4eb6ce,b5e9400f2428c65e6be2cbef1ae418e086bda23d6cd80b52e9c13e8f77c4bb1f,Isolated mocked unit test,python -m pytest tests/test_reminder_redesign_p2.py -q,Tests match new consent deletion logic,Tests assert old logic for message deletion,FAIL,docs/ai/audit/evidence/RUN-20261004-010.md,BUG-20261004-005
RUN-20261004-011,A02,modules/khatm_workflow/service.py::create_and_launch_khatm,Antigravity,2026-10-04T13:10:00+03:30,a2f55b412078b0ab3b23085c5b2f1cc84c4eb6ce,STATIC_ANALYSIS,Static Code Analysis,N/A,daily_commitment_amount determines page allocation,Amount is saved to participation but ignored by deliver_due_next_portions which only gives 1 portion,FAIL,Static trace,BUG-20261004-006
RUN-20261004-012,A04,modules/reminder_engine/service.py::deliver_due_next_portions,Antigravity,2026-10-04T13:10:00+03:30,a2f55b412078b0ab3b23085c5b2f1cc84c4eb6ce,STATIC_ANALYSIS,Static Code Analysis,N/A,New participants receive their first portion,Loop relies on list_latest_portion_per_participation which excludes new members with 0 portions,FAIL,Static trace,BUG-20261004-007
RUN-20261004-013,A04,bot/handlers/report.py,Antigravity,2026-10-04T13:21:00+03:30,a2f55b412078b0ab3b23085c5b2f1cc84c4eb6ce,STATIC_ANALYSIS,Static Code Analysis,N/A,Manual receive respects QURAN amount settings,Manual receive allocates exactly 1 portion (default 2 pages) regardless of FIXED_DAILY or MEMBER_CHOICE,FAIL,Static trace,BUG-20261004-008
RUN-20261004-014,A05,modules/reminder_engine/service.py::deliver_due_regular_commitments,Antigravity,2026-10-04T13:21:00+03:30,a2f55b412078b0ab3b23085c5b2f1cc84c4eb6ce,STATIC_ANALYSIS,Static Code Analysis,N/A,QURAN is excluded from regular commitment cron,"Correct. list_active_with_regular_schedule requires REGULAR mode, which QURAN skips in start.py",PASS,Static trace,
RUN-20261004-015,A04,bot/handlers/join_flow.py::_save_delivery_time,Antigravity,2026-10-04T13:25:00+03:30,a2f55b412078b0ab3b23085c5b2f1cc84c4eb6ce,STATIC_ANALYSIS,Static Code Analysis,N/A,FIXED_DAILY allocates pages correctly,"FIXED_DAILY sets mode to REGULAR, hijacking member into Salawat cron job and breaking Quran page allocation entirely",FAIL,Static trace,BUG-20261004-009
RUN-20261004-016,A04,bot/handlers/report.py,Antigravity,2026-10-04T13:25:00+03:30,a2f55b412078b0ab3b23085c5b2f1cc84c4eb6ce,STATIC_ANALYSIS,Static Code Analysis,N/A,Manual receive gives FIXED_DAILY user a Quran page,"report.py returns early in REGULAR branch (line 156), so FIXED_DAILY Quran users get a Salawat button and never reach Quran logic",FAIL,Static trace,BUG-20261004-010
RUN-20261004-017,A04,bot/handlers/report.py,Antigravity,2026-10-04T13:35:00+03:30,a2f55b412078b0ab3b23085c5b2f1cc84c4eb6ce,STATIC_ANALYSIS,Static Code Analysis,N/A,Manual path REGULAR branch sends early done button,"_send_recitation_content returns False for QURAN, causing report.py to abort before sending the early done button.",FAIL,Static trace,BUG-20261004-010-AMENDMENT
RUN-20261004-018,A05,modules/reminder_engine/service.py,Antigravity,2026-10-04T13:35:00+03:30,a2f55b412078b0ab3b23085c5b2f1cc84c4eb6ce,STATIC_ANALYSIS,Static Code Analysis,N/A,REGULAR cron logs open_contribution for FIXED_DAILY QURAN,"send_devotional_content fails for QURAN, cron aborts with a log warning before sending the done button. No open_contribution is ever logged.",FAIL,Static trace,BUG-20261004-011
RUN-20261004-019,A04,bot/handlers/member_commitment.py,Antigravity,2026-10-04T13:38:00+03:30,a2f55b412078b0ab3b23085c5b2f1cc84c4eb6ce,STATIC_ANALYSIS,Static Code Analysis,N/A,REGULAR callback does not log open_contribution for QURAN,"The count-based logging in confirm_regular_occurrence remains a latent conditional risk. It is currently blocked only because send_devotional_content fails for QURAN, preventing the button from being sent.",FAIL,Static trace,BUG-20261004-012
RUN-20261004-020,A04,bot/handlers/report.py,Antigravity,2026-10-04T13:41:00+03:30,a2f55b412078b0ab3b23085c5b2f1cc84c4eb6ce,STATIC_ANALYSIS,Static Code Analysis,N/A,Manual REGULAR path sends early done button,"_send_recitation_content fails immediately for QURAN, blocking the regular_early_done button from ever being sent.",FAIL,Static trace,BUG-20261004-010-REVISED
RUN-20261004-021,A05,bot/notify_adapter.py::send_devotional_content,Antigravity,2026-10-04T13:41:00+03:30,a2f55b412078b0ab3b23085c5b2f1cc84c4eb6ce,STATIC_ANALYSIS,Static Code Analysis,N/A,Auto REGULAR path aborts for QURAN,"If a QURAN khatm has a description, send_devotional_content returns True, causing the engine to send the regular_done button and ultimately logging a numeric contribution.",FAIL,Static trace,BUG-20261004-013
RUN-20261004-022,A04,bot/notify_adapter.py::send_devotional_content,Antigravity,2026-10-04T13:43:00+03:30,a2f55b412078b0ab3b23085c5b2f1cc84c4eb6ce,STATIC_ANALYSIS,Static Code Analysis,N/A,REGULAR QURAN fallback analysis,"If description is absent, QURAN bypasses all fallbacks (category=None) and returns False (L74). If description is present (L58), it attempts to send but depends on API success. Exceptions return False (L95).",UNKNOWN,Static trace,
RUN-20261004-023,A04,bot/handlers/member_commitment.py::confirm_regular_occurrence,Antigravity,2026-10-04T13:43:00+03:30,a2f55b412078b0ab3b23085c5b2f1cc84c4eb6ce,STATIC_ANALYSIS,Static Code Analysis,N/A,Count-based logging vulnerability for QURAN,Logging (L262) strictly requires: 1. API success of description (notify_adapter L59). 2. API success of done button (reminder_engine L440). 3. User click. 4. Validation passage (L236). VPS occurrence unproven.,UNKNOWN,Static trace,BUG-20261004-013-AMENDMENT
RUN-20261004-024,A04,bot/notify_adapter.py::send_devotional_content,Antigravity,2026-10-04T13:45:00+03:30,a2f55b412078b0ab3b23085c5b2f1cc84c4eb6ce,49b5ca714782a56977010bfd398b41480b13c06cfd0bf6ec38a091934f9238be,Static Code Analysis,N/A,REGULAR QURAN fallback analysis,"If description is absent, QURAN bypasses all fallbacks and returns False. If description is present, it attempts to send but depends on API success. Member send is skipped in this scan on failure. Latent numeric logging requires 4 validations.",UNKNOWN,docs/ai/audit/evidence/RUN-20261004-024.md,BUG-20261004-013-AMENDMENT-2
RUN-20261004-025,A04,bot/notify_adapter.py,Antigravity,2026-10-04T13:47:00+03:30,a2f55b412078b0ab3b23085c5b2f1cc84c4eb6ce,49b5ca714782a56977010bfd398b41480b13c06cfd0bf6ec38a091934f9238be,Static Code Analysis,N/A,REGULAR QURAN fallback analysis with precise lines,Path confirmed in static analysis. Member send is skipped in this scan on failure. Latent numeric logging remains a theoretical possibility if description is present and sent successfully.,UNKNOWN,docs/ai/audit/evidence/RUN-20261004-025.md,BUG-20261004-013-AMENDMENT-3
RUN-20261004-026,A02,bot/handlers/create_khatm.py,Antigravity,2026-10-04T13:49:00+03:30,a2f55b412078b0ab3b23085c5b2f1cc84c4eb6ce,cf0e976868df56784d858348d380f2d4eec7f37dd3b0aefaf41f224b1ff3cda7,Static Code Analysis,N/A,Wizard allows QURAN_PAGE to set a description,"At L770, entering_recitation_text is explicitly restricted to LAAN. QURAN_PAGE khatms skip this state and thus never receive a description upon creation.",PASS,Static trace,None
RUN-20261004-027,A02,modules/khatm_workflow/service.py::cancel_khatm,Antigravity,2026-10-04T13:49:00+03:30,a2f55b412078b0ab3b23085c5b2f1cc84c4eb6ce,2af5bbecfc98a3b0ff90d1bf279e8cbb0ccaf2a210631e84615d0bf93c391216,Static Code Analysis,N/A,Active khatms with members cannot be cancelled,L57 enforces participation_service.count_for_khatm > 0 constraint before cancellation and refund.,PASS,Static trace,None
RUN-20261004-028,A02,modules/khatm_workflow/service.py::cancel_khatm,Antigravity,2026-10-04T13:53:00+03:30,a2f55b412078b0ab3b23085c5b2f1cc84c4eb6ce,ee9b96b08442727ccb416cae2e0b47fd6ecef722cdced4de23c85e7e5a98a60c,Static Code Analysis,N/A,Race condition prevention for cancellation and refunds,Lack of DB locks on khatm row allows concurrent cancellation/refund (leading to double cash refund via legacy fallback on L460) and concurrent cancellation/join (resulting in refunded cancelled khatm with active members).,FAIL,docs/ai/audit/evidence/RUN-20261004-028.md,BUG-20261004-014
RUN-20261004-029,A02,modules/khatm_workflow/service.py::cancel_khatm,Antigravity,2026-10-04T14:16:00+03:30,a2f55b412078b0ab3b23085c5b2f1cc84c4eb6ce,ee9b96b08442727ccb416cae2e0b47fd6ecef722cdced4de23c85e7e5a98a60c,Static Code Analysis,N/A,Race conditions documented with timelines,Documented concurrent double refund to wallet credit and concurrent cancellation/join. Static evidence present; concurrency reproduction not performed; VPS occurrence unknown.,FAIL,docs/ai/audit/evidence/RUN-20261004-029.md,BUG-20261004-014-AMENDMENT
RUN-20261004-030,A02,modules/khatm_workflow/service.py::cancel_khatm,Antigravity,2026-10-04T14:45:00+03:30,a2f55b412078b0ab3b23085c5b2f1cc84c4eb6ce,ee9b96b08442727ccb416cae2e0b47fd6ecef722cdced4de23c85e7e5a98a60c,Static Code Analysis,N/A,Lock wait states correctly modeled in timelines,Documented the block-and-wait state for the second UPDATE instruction due to Postgres Read Committed isolation level. Re-designed the proposed test plan using Barriers and independent sessions.,AMENDMENT,docs/ai/audit/evidence/RUN-20261004-030.md,BUG-20261004-014-AMENDMENT
RUN-20261004-031,A03,modules/waiting_list/repository.py::pop_first,Antigravity,2026-10-04T14:50:00+03:30,a2f55b412078b0ab3b23085c5b2f1cc84c4eb6ce,e96030c6a858e99ef3ecbb5c24e6fb12eb5cf7a4ee60d3fc0dcde69f00115e57,Static Code Analysis,N/A,Waiting list queue pop should be thread-safe,"pop_first uses LIMIT 1 without FOR UPDATE. Concurrent pops (e.g. from two users leaving) will select the same waiting member, leading to one crashing with StaleDataError on delete, dropping the promotion request and starving the queue.",FAIL,Static trace,BUG-20261004-015
RUN-20261004-032,A04,modules/allocation/service.py,Antigravity,2026-10-04T14:54:00+03:30,a2f55b412078b0ab3b23085c5b2f1cc84c4eb6ce,8b3d64c1c71286c472856f62b2e811197825d19bf741165e3816edb5c87aeb46,Static Code Analysis,N/A,Plan allocations are protected against concurrent races,Uses get_plan_by_khatm_for_update (which correctly uses with_for_update) acting as a semaphore for creating rotating portions and assigning open portions.,PASS,Static trace,None
RUN-20261004-033,A05,bot/handlers/member_commitment.py::confirm_regular_occurrence,Antigravity,2026-10-04T14:55:00+03:30,a2f55b412078b0ab3b23085c5b2f1cc84c4eb6ce,61e43e248a3c8612185c707bf04c35a8bc5cf580bb6e2d9dcbf8d29b13996720,Static Code Analysis,N/A,Double tapping completed button should not double progress,"participation is read without a lock, and open_contribution_service.has_for_participation_since merely checks existence. Two concurrent requests pass this check and both call log_contribution, inserting double progress.",FAIL,Static trace,BUG-20261004-016
RUN-20261004-CODEX-001-A04,A04,src/khatmsaz/bot/handlers/portions.py,Codex,2026-10-04T15:00:25.863121+03:30,a2f55b412078b0ab3b23085c5b2f1cc84c4eb6ce,2cdef6bccdc8e9ffce0811de0fde6f1f0d5bc702943bfc240446b6c5ae3f9ede,Static analysis; no DB/network,Source reads and AST inspection,Domain and model contracts hold,"AUD-C01/C04/C05: status contract, expiry and authorization gaps",FAIL,docs/ai/audit/evidence/RUN-20261004-CODEX-001.md,AUD-C01..AUD-C05
RUN-20261004-CODEX-001-A05,A05,src/khatmsaz/modules/reminder_engine/service.py,Codex,2026-10-04T15:00:25.863121+03:30,a2f55b412078b0ab3b23085c5b2f1cc84c4eb6ce,ee9b96b08442727ccb416cae2e0b47fd6ecef722cdced4de23c85e7e5a98a60c,Static analysis; no DB/network,Source reads and AST inspection,Domain and model contracts hold,AUD-C02/C03: missing model attributes and noon scheduling mismatch,FAIL,docs/ai/audit/evidence/RUN-20261004-CODEX-001.md,AUD-C01..AUD-C05
